statistic,unweighted_K,unweighted_C,area_weighted_K,area_weighted_C
mean,278.6987760813768,5.548776081376843,287.74543052767166,14.595430527671681
std,21.17849915380846,21.17849915380846,15.25298047310342,15.25298047310342
min,197.00926208496094,-76.14073791503904,,
max,321.2342224121094,48.0842224121094,,
percentile_05,235.642667388916,-37.50733261108397,255.48858181867885,-17.661418181321125
percentile_25,268.7911911010742,-4.3588088989257585,280.4341125488281,7.284112548828148
percentile_50,283.38079833984375,10.230798339843773,292.87708732127527,19.72708732127529
percentile_75,296.52708435058594,23.37708435058596,298.93365478515625,25.783654785156273
percentile_95,301.10843048095705,27.958430480957077,301.6647274154729,28.51472741547292
